﻿<?xml version="1.0" encoding="utf-8"?><bwFonts xmlns:xsi="http://www.w3.org/2001/XMLSchema-instance" xmlns:xsd="http://www.w3.org/2001/XMLSchema" fontfactoryurl="story_content/FontFactory.swf"><font id="00" name="Open SansBold Charset1 6nl0XOElsoL"><glyphs><g i="0" c="384" p="#^HECo%HEvpHEIq8EArCDrsiCntYAjuCASugAovgA9wgASwOAjxkBMxpCMxnDMxtEpxAF2xLGxw%_HezOGWzhFlANDMAuCMAOzMAgyAzKwpyKwlwKw1vkx3uWx5tGzQrQAZq8BwqtB3qtBkp%tBCo^4Frk4FslxE_l_DwmXCwmWBwmmB_lPArlPArkPArjnBViYBmiXCmiYDmiwEUi4Fqj4Frk" /><g i="1" c="385" p="#^2NVm2NjrxKFt1I$viD$v%ey$v%ey9e%RD9ecI9eDKtg2NMi2NVm^6J$m6Jfh1Efh%0Cfh%0CTs%EDTs6JTs6J$m" /><g i="2" c="386" p="#^BDLkpCLkKBvl4BemZADn%bGDnaGemtFvlNELkBDLk^7EfwQAfwZyru6xCs6xgp6xQlQyZjyA5iAD5itG5i4ILjHJolHJio%HJ6q%UA6qYAHrQBBsICutiEutwFutCGetJHZsWIps%WIhvXHMvQG$vJFfw7Efw" /><g i="3" c="387" p="#^tHYrtH2u$F9vyEfwEBfw9Afw6z2w3yRv8xsv%8xnsaySstzctNAxtMBxtNDxtNDlsNDVrwDErfDmrBC0rXBGqQAcqgzypwy_oNxqorxIn6xZm6xVl6x4kwy5jXz5iwC5i_E5ijH9j%bGSlaFplhE8loDSksCSkPASkPALlPAfmlBDmTB_mGDIngFlo$FVoLGtp6HcqtHXqtHYr" /><g i="4" c="388" p="#^CG$v%UF8u%NF8uREjvRDNvSCfwgBfwizfway7v2x$t2xWr2xLpzyJo4AHn8DAn%vFwn%vFVmvFRkoDRkLBRkyzQl%jyjjGA4ixD4ihG4iKHhjcJtkcJVm%cJ$v^vFHp%3EKpsCNpFBjqSARqSAYrSAxtGCxtYDxtJENsvF1svFOq" /><g i="5" c="389" p="#" /><g i="6" c="390" p="#^zF5ikG5iQGci%yGHl5GzlsFzlFDzlFCumGBonGB2p%GB$v%Yx$v%Yxmi%MAmi%jBEk%vBEk8CujdDOiiE5izF5i" /><g i="7" c="391" p="#^yK$v%QG$v%QG1oQGxmiGPlNF4lDE4l3D4lmC7mGB9nGBAp%GB$v%Yx$v%Yxmi%OAmi%iB5k%vB5k7C5jdDBijE5iIF5i4I5ijJnjyKFkyK5n" /><g i="8" c="392" p="#^DH$v%7Hfu%WGfukGcvdFKv7EfwJCfwjAfw5zZuTxGtTxfr%Txmi%BBmi%BBkqBBNr6CxsEChtODhtmFht2GesLGbrLGMo%LGmi%uKmi%uK$v" /><g i="9" c="393" p="#^gCfwSzfwuynu6xvs6xbp6xQlvyZjVz5inC5iYE5iiG5k%qG5k8Gzi8Gmh%8G$c%TJ$c%TJ$v%0H$v%iGeu%8GeuTEfwgCfw^ADht$EhtGFsslGCrpGDp%pGdppG0nJF4m2F7lwD7lgC7lABbmUAenUAfpUAgrABhshChtADht" /><g i="10" c="394" p="#^VA8pVAarABdsfCgtLDgteFgtUFesyGbryG8pyG6nTF6mdF5lJD5leC5lzB6mVA6nVA8p^mK8pmKusBInuRGfwIDfwKBfweAovKywuWxVs6xir6x8p6xOlSyYjCA5iMD5iKF5ieHYiKIOjyJplmK$mmK8p" /><g i="11" c="395" p="#^Rw$Bqv$BouHB%ouMyfv$y8w$y4x$ywxtyYxXxYxWw%Yxmi%GBmi%GBtxGBEzpAPA9z$BRw$B^NxPeNx$cPz$cRB$cRBPeRBHfkBagQAFgPzFgNxFgNxPe" /><g i="12" c="396" p="#^IDhtGEht2GRs%2GDvFEfwDCfwoAfwmz6vlyZtlyKr%ly9l%zw9l%zwAj%Dyki%Hzsf%4Csf%4Cmi%VFmi%VF9l%4C9l%4CJr4CwswCVsZChtIDht" /><g i="13" c="397" p="%^GB$vYx$vYx$cGB$c" /><g i="14" c="398" p="#^DH$v%7Hfu%WGfukGcvdFKv7EfwJCfwjAfw5zZuTxGtTxfr%Txmi%BBmi%BBkqBBNr6CxsEChtODhtmFht2GesLGbrLGMo%LGmi%uKmi%uK$v^4CRg%4CvgaE3eXERc%7JRc%7J5dtIJdXGZeqFdgyERg" /><g i="15" c="399" p="#^NxPeNx$cPz$cRB$cRBPeRBHfkBagQAFgPzFgNxFgNxPe^GB$v%Yx$v%Yxmi%GBmi" /><g i="16" c="400" p="#^9K$v%rG$v%rG1orGxmXFPlsF4loE4lZC4ljC7mGBanGBAp%GB$v%Yx$v%Yxmi%OAmi%iB5k%vB5k1C9j4DDi7E5itF5ixI5iCJ5k%XJ5kvK8jzLDiDM5iZN5iiQ5iuRhjGStkGS5n%GS$v%XO$v%XO1oXOxmrOPlYN4lUM4lwL4lQK2m9K0n9K8p" /><g i="17" c="401" p="%^bB$v$vmiUzmiwC7q#ZCBr4DWs8DWs#cDLrHD7qjGmidKmi0F$v" /><g i="18" c="403" p="%^rH$vFw$vFwOt_Ccl2xcl2xmidHmidHMk4B9trH9t" /><g i="19" c="404" p="#^mz4q%mzapmz$nSz8nmAgmHBhlZCmknDOjNDdjNDwiNDJhcDjhDCUgzBUgKzUgox4i%3wpfNyUdRBUdlEUdQF5fjHigjHjijHFjIGEk5GCloEQmdDInVC9oBCCoBClp%BC4q^ZyfuZydtwzIs3Aas7Bas7CasGCIseDeteDfueDcvGCMv7Ckw7Bkw5AkwxzNvZyevZyfu" /><g i="20" c="405" p="#^yF5iYH5ikJ_jIKSlIK8pIKxshJouTHfwrFfw1DfwGBvu%pBvu%OA$v%Yx$v%Yx$c%GB$c%GBqhGBfiwB6k%GB6kZC5iyF5i^lE4lZC4lkCWlHBMmGBJo%GB7pGBkrkChs_CetoEetyFetdGasVG6rVG5pVG4ndG4mxF4llE4l" /><g i="21" c="406" p="#^uDfw6xfw6xfp6xMlRyXjAA5iPD5ibG5i4I0j%ZGUl5GxlkFjlAE5lPD5lVA5lVAdpVAetPDetUEetPFYsKGFsEH2s%EHevKGOvPF0wUEfwuDfw" /><g i="22" c="407" p="#^rFfw1DfwGBvu%tBvuGBcwGBtw%GB$B%Yx$B%Yxmi%ZAmi%vB6k%GB6k_C5iyF5iYH5ikJZjIKQlIK8pIKkr3KYsqJzueIpv2HfwrFfw^lE4lZC4lkCWlHBMmGBJo%GB7pGBkrkChs_CetoEetVGetVG5pVG4nhG4mGF4llE4l" /><g i="23" c="408" p="#^QJli%QJdk%HHNkhIHlhIRmhI1pKGgqcFvruCvr%PBsr%gBorHAQrHAnsHAatLCat%3FatjHatuI8uGJ5vGJZwGJmzGHGAGF$BXB$B4z$Bzx$A3w$z3wdy3w_wQw9wCxkv5zZuwyJu5yauGxCtGx_sGxds6yIrzyarqzGqlycqJxbp5x9o5xMm5xxkyyjj$z5iHC5igD5i2EbiREhi3Fli^hzWxhzHy0A7zMAAz5CAz5EAzeF0znGtynGwxnGLwIFsw1FawDDaw%HBawGAawZzEwhz7xhzWx^EAPmEAXn8BBoFBepHCepLDepeEBoJEXnJEPmJEmkHCmkEAmkEAPm" /><g i="24" c="409" p="#^qxfuqxdtZxIswyaszzasAAas7BIsHBetHBfuHBcv7BMvzAkwzzkwyykw_xNvqxevqxfu" /><g i="25" c="410" p="%^ey$vey9e1C9e1C$v" /><g i="26" c="411" p="#^qxfuqxdtZxIswyaszzasAAas7BIsHBetHBfuHBcv7BMvzAkwzzkwyykw_xNvqxevqxfu^qxakqx8jZxDiwy5izz5iAA5i7BDiHB9jHBakHB9l7BIlzAfmzzfmyyfm_xJlqxalqxak" /><g i="27" c="412" p="#^yK$v%QG$v%QG1oQG4lDE4l3D4lmC8mGBbnGBAp%GB$v%Yx$v%Yx$c%GB$c%GBSgGBjhAB_i%vB5k%HB5kXC5iFF5i3I5iiJojyKGkyK5n" /><g i="28" c="413" p="%^GB$vYx$vYxmiGBmi^MxRgMxvg#Sz3eDARcPERcPE5d#9EJdDCZe#6BdgeARg" /><g i="29" c="414" p="#^rO2nrOcqjNkscMsu1Ksv%kOfA%uJfA%dGfw%XFfwRBfwEzTtrxurrx1nrxziEzdgRBTdZFTd4KTdfMfgrOCirO2n^pB2npB2qyCzrHD4tXF4ttK4ttK2ntK1hZF1hID1hyCyipB3kpB2n" /><g i="30" c="415" p="#^BDLkpCLkKBvl4BemZADn%bGDnaGemtFvlNELkBDLk^7EfwQAfwZyru6xCs6xgp6xQlQyZjyA5iAD5itG5i4ILjHJolHJio%HJ6q%UA6qYAHrQBBsICutiEutwFutCGetJHZsWIps%WIhvXHMvQG$vJFfw7Efw^sBRg%sBvgyD3ejERc%vIRc%vI5dRHJdjGZeOEdgWDRg" /><g i="31" c="418" p="#^QF2hHD2hwCFilBfklB7nlB5tQF5tIH5tnK8s%nKkvbIfwtFfwABfwvzUtrxwrrx5nrxjksyditz7gmB0fgDUdQFUdqIUd2L8f%QJdiQILhPHphOG2hQF2h" /><g i="32" c="419" p="#^VA8pVAarABdsfCgtLDgteFgtUFesyGbryG8pyG6nTF6mdF5lJD5leC5lzB6mVA6nVA8p^mK8pmKusBInuRGfwIDfwKBfweAovKywuWxVs6xir6x8p6xOlSyYjCA5iMD5iKF5ieHYiKIOjyJplmK$mmK8p^HBRg%HBvgND3eyERc%KIRc%KI5d5IJdzGZe1Fdg9ERg" /><g i="33" c="420" p="#^0Czm%gDzm0FzmTFTlLGalLGRjLGwi0GUhiFfhLDfh%0Cfh^AKJjAKBmMI7oZGFpEDFp%0CFp%0C$v%ey$v%ey9e%XD9ebH9eTIyfAKXgAKJj" /><g i="34" c="421" p="#^BDkt0FktGFwslGIrpGGp%pGdppG0nJF4m2F7lyD7lVA7lVAfpVAirzBjsdCktBDkt^gCfwSzfwuyou6xws6xbp6xRlvyZjVz5ilC5iED5iBEAizF3jiG5k%pG5k%KGmi%TJmi%TJ$B%8G$B%8Ghw8GxviGeu%8GeuyFdvyEKvzDfwgCfw" /><g i="35" c="422" p="#^vF9l%gC9l%gC$v%yy$v%yy9l%vw9l%vwmj%yymi%yylhyy0fHzYdRATcnDTciFTcOGrd%RFagJEQfMDQf_CQfDCiggCMggCvh%gCmi%vFmi" /><g i="36" c="423" p="#^0C4m%fD4m1F4mUFulLGTkLGBjLGjiTFNh$EfhaDfh%0Cfh^0C9p%0C$v%ey$v%ey9e%rD9e4H9ePIufzKOgzKvjzK4lHJjmQIxnfHdogLeuvM$v%iI$v%1E9p" /><g i="37" c="424" p="#^$vmi%3Ami%EC1qZC1r5Dos%aDosiD8rHD1q%dGmi%dKmi%rEKxEDTzaCXAIA$BKy$BNx$BRwNB%RwQywx$yjy$yiz$y1AoyNANxbBzw%pBVv" /><g i="38" c="425" p="%^wI$vey$vey9ewI9ewIfh0Cfh0Cal3Ial3Igo0Cgo0CTswITs" /><g i="39" c="426" p="#^MI2rMIst1HSuiFfwbCfwlzfw8xav%8xFrXyssbAOssB7tuC7tKD7toEFs3Fas3Fdr3FIqMEiqtETpVDvplD7pBBioYzxn8zQmky6mQxallxdklxZilxBgYyffzAUdoDUdNEUd2GdejHyeHI8f%tH5i1Gvh5FhhaE2hgD2hbC2hCByh2B2i2BRi2BljhBJjwB5k0CrkwCNkpEHlWGUmRH5oMIipMI2r" /><g i="40" c="427" p="#^CG$v%UF8u%NF8uREjvRDNvSCfwgBfwizfway7v2x$t2xWr2xLpzyJo4AHn8DAn%vFwn%vFVmvFRkoDRkLBRkyzQl%jyjjGA4ixD4ihG4iKHhjcJtkcJVm%cJ$v^vFHp%3EKpsCNpFBjqSARqSAYrSAxtGCxtYDxtJENsvF1svFOq^nBRg%nBvgtD3eeERc%qIRc%qI5dNHJdfGZeJEdgRDRg" /></glyphs></font><font id="10" name="Open Sans Charset1 5pOYtJwjzkK"><glyphs><g i="0" c="384" p="#^wIfrwICtOGXu5FfwaCfw$yfwhxqv%hxqtoyUtGzauZArueCrujErumFEtqGRsqGrrqGwq2GWpGFkpOEQoWDko8CHnFzOmAyAlwxmkwxoiwxkg3z6fDAUdaDUdQFUd3ISe%qHGgcFLf7DLftBLfyAsgDz9hDzqiDzljYzXjiAxk6B1lWBwlBD6mpG7nsHgowIppwIfr" /><g i="1" c="385" p="%^aA$v8y$v8yDiaADi^2yxg#EyNfjzIe#$zDdoARcRCRcRC5d#jCUdfB2f#bAcgpzRg2yRg" /><g i="2" c="386" p="%^oM$v0K$vgA0haA0h#mAFjmARlmA$vsy$vsy9eOA9ewK3tCK3t#BKKsvKYq#qK9prKoorK9eoM9e" /><g i="3" c="387" p="#^HJipHJzs1IpuoGfwuDfwHBfwiApvVyzu8y_soxproxipox0m1zckGAnizDninGni1IfkHJ6mHJip^vzhpvzSrwActyByuxDyuwFyuyGctAHSrAHhpAHKmyGqlwF5kwD5kwB5kvAplvzImvzhp" /><g i="4" c="388" p="%^FJ$vsHkqiAkq5y$v$v$v2D4eOE4eQL$v^OGsoJEWi#kEShUDlg#DDwh7DWi1Bso" /><g i="5" c="389" p="#^uDfwAAfw_ysuoxFsoxopox1m$yckDAniDDniBEniyFAiwGNi3H3j%sGNkNFwk_ElkbEakADakvzakvznpvzRruAatuBuurDuu6FuuTGLt%TGyvxFfwuDfw" /><g i="6" c="390" p="#^ODfwQAfw6zruoxDsoxqpoxam_yhkAAnigDniNFnifH1kJIGlJIoo%JIGp%vzGpzz1sHAgtPBuuTDuu1Guu8IAt%8Inv3HRv6G2w9FfwODfw^fD4kEB4kGA7lJzamyz1o%yG1oyG6mHF5lQE4kfD4k" /><g i="7" c="391" p="#^mEfw3DfwZBMvUAhvaAhu%0AhuaAsvaAvw%aA$B%8y$B%8yDi%NzDi%3Ark%aArkYAlj_BSi0DnimEni0HnisIbkVJ$lVJipVJBsrIquZGfwmEfw^3E5k0C5k5BelbAmmaARo%aAhpaA6s6Bkt2Cyu7EyuRFyuQG8tPHKrPHgpPHMmQGrlRF5k3E5k" /><g i="8" c="392" p="#^tCAu$CAuvDvu$DpuiEku%iETvZD1wkD8wHCfwaCfwhyfwhy9s%hyck%nwck%nwdj%hyni%8zxf%jAxf%jADi%cEDi%cEck%jAck%jA3sjAhtUAXttBAutCAu" /><g i="9" c="393" p="#^nG$v%ZF5u%TF5uTElvTDOvTCfwoBfwpzfwgydv8xbu8xis8xfoDD2o%UF_n%UF8nUFAldFQkyE4k2D4knB4kgz5l%EyyjDz0jOAJi_BpiaDpizFpiJGtjTHwkTHSm%TH$v^OBAuHDAuMEytRFvsRFDq%RFqp%PDvppBApkAfqgzWqgzksgzptWz$tBAAuOBAu" /><g i="10" c="394" p="#^fEni8FniRFwi%zFokKEdk5EdktCdkjBxlaARmaAPo%aA$v%8y$v%8yDi%PzDi%2A5l%8A5lUANjXB4j_CnifEni" /><g i="11" c="395" p="%^sy$vsy9ewA9ewA$v" /><g i="12" c="396" p="#^iH$v%iHkniHIlyGVkPF5kdE5k7C5k8BelaAmmaAZo%aA$v%7y$v%7yDi%NzDi%7Ark%dArkRAsjYBWi4DnitEniTGni5IyjkJIkkJgn%kJ$v" /><g i="13" c="397" p="#^eHcu%7HcuKFfwXCfwjAfwRysuoxFsoxlpox1mSyckkAniXCniFFni6Hlk%gHlk%bHnj%7Hri%7H$c%9J$c%9J$v%wH$v^bDyugFyubGqt7Hhs7HMp%7Hlp7HvmaGileF4kaD4koB4krAtlvzRmvzmpvzWrrAetnByubDyu" /><g i="14" c="398" p="#^2ADi%2Air2AWsNAKtxByu7DyudFyubGpt9Hfs9HEp%9HDi%bJDi%bJ$v%wH$v%dHcu%6HcuuGbvnFJvhEfwSCfwqAfwcz5v$xWt$xnr%$xDi" /><g i="15" c="399" p="#^aA$v%8y$v%8yDi%aADi^Zx$eZxiejy_dFyFdazFdFzFd$z_dmAjemA$emAGf$z0gFzmgazmgFymgjy0gZxGfZx$e" /><g i="16" c="400" p="#^HJipHJzs1IpuoGfwuDfwHBfwiApvVyzu8y_soxproxipox0m1zckGAnizDninGni1IfkHJ6mHJip^vzhpvzSrwActyByuxDyuwFyuyGctAHSrAHhpAHKmyGqlwF5kwD5kwB5kvAplvzImvzhp^QBxgqCNf5DIeNDDdaERc%DGRc%DG5d5GUd1F2fZDcgbDRg%QBRg" /><g i="17" c="401" p="#^mEpi$GpisIckVJ$lVJipVJBsrIquZGfwmEfw3DfwZBMvUAhvaAhu%0Ahu%Bz$v%8y$v%8y$c%aA$c%aAChaAaj3Apk%aApkABpimEpi^3E6k$B6k4BilaAumaAipaA6s6Bkt2Cyu7Eyu_FyuUGbtPHPrPHgpPHFmUGol_F6k3E6k" /><g i="18" c="403" p="#^5JDi%5JVj%DGckYGDkdHjlvH$lvHSmvHQo9G$pPEartCarSBarlB3r2ALr2AOs2AltvACtYATt2CTt%qETtBGTtLHOuWIIvWIrxWIFz8HQAmF$BXB$Bjz$BUx0Btw2Atwfytw1xfx8w1yfvszXuXyIuAydueyKtey4teylsDyOr0zfrSzKqQyjqayipwxgowxXmwxLkQyzj9AniACniDDnitEDi^qyeyqykzkzUzfAsAZBsAwEsAKFHzZGWyZGCxZGwwiG5wDFHvMDHv%lBHvZzHvbzlwqy$wqyey^wzVmwziojA1p6BLpxCLpvFLpvFSmvFSjuCSj3BSjhADkwzolwzVm" /><g i="19" c="404" p="#^aEbk%MAbk%MA$v%Ky$v%Kybk%lwbk%lwgj%Kyyi%KyOhKyTc1DTc6ETcxFid%0FWeRDye0DyeSByejBjfMA3gMALh%MACi%aECi" /><g i="20" c="405" p="#^wAAo%wA$v%sy$v%sy9e%lD9eDG9ebIpfMJFgMJbjMJKmaGZn%0L$v%zI$v%fEAo^wAOm%mDOmzFOmAGWlCH2lCHijCHxhzGLgxFZfdDZf%wAZf" /><g i="21" c="406" p="#^MGlsMGdunFev_DfwtBfwPyfwkxov%kxwthy$toziuvAAuwBAu6DAuYD4uPEztPEwsPEKr7EbrsDDqvBSpDzapQyFo2y7oFxtnhxPmhxUlhxgkCykjYznigCniqEniuGfj%MFVkLD4k7C4kGA4kXzxkdzZkdzMldzimuzHmMz3nnApn_AKnJCoo5FfpWF8qMG0rMGls" /><g i="22" c="407" p="#" /><g i="23" c="408" p="#^0wDi%byDi%7Bfq4CSsjC0u%pC0uzCot3DUrADnqoGDi%zIDi%PCRxYB5APA2BGz$B0y$B5x$BbwNB%bw9ASwjAHxjANzjAGAZx%pB3w" /><g i="24" c="409" p="%^HG$v$w$v$wCuhEckrxckrxDiwGDiwGbkjzquHGqu" /><g i="25" c="410" p="#^ww$Bmv$BEuHB%Eu2AuviAiwiAfxiAHxMz8yfz8yby%8yDi%aADi%aA2yaA$Bww$B^Zx$eZxiejy_dFyFdazFdFzFd$z_dmAjemA$emAGf$z0gFzmgazmgFymgjy0gZxGfZx$e" /><g i="26" c="411" p="#^bP$v%bPhnbPHlvOUkQN5koM5kuK5kAJblHIgmHIwo%HI$v%FG$v%FGhnFGHlZFUkiF5kRD5kXB5k2BelaAnmaAZo%aA$v%8y$v%8yDi%NzDi%7Ask%dAskNAtjQBWiTCniaEnijHnigIDk%nIDkZIBj5K_ieLniHMniYOni4QyjdRIkdRgn%dR$v" /><g i="27" c="412" p="%^aA$v8y$v8y$caA$c" /><g i="28" c="413" p="%^XD$vSB$vSB$fdw$fdw9eBJ9eBJ$fXD$f" /><g i="29" c="414" p="%^oI$vsy$vsy9eoI9eoI$fwA$fwALlWHLlWHAnwAAnwA8uoI8u" /><g i="30" c="415" p="%^4B$v$vDiayDi2Byq#1CktcC9uiC9u#qCwt8Dur#SDsplGDixIDirD$v" /><g i="31" c="418" p="%^lG$viAagbAag#mA2imAEkmA$vsy$vsy9eAB9edHTskHTs1N9e7Q9e7Q$v2O$v2Ovk#2OwidOcg7Ocg0I$v" /><g i="32" c="419" p="#^aEbk%MAbk%MA$v%Ky$v%Kybk%lwbk%lwgj%Kyyi%KyOhKyTc1DTc6ETcxFid%0FWeRDye0DyeSByejBjfMA3gMALh%MACi%aECi^EI$v%CG$v%CG$c%EI$c" /><g i="33" c="420" p="%^mB8pJwDi0zDiyCLn3GDilIDiHD8pAI$viG$vyCAqMy$vtw$v" /><g i="34" c="421" p="#^4GLf8DLfrBIhKzFjKz4nKzAqnBvs0Dpu3GpuWHpujKKt%jKyvtIfwKFfwOBfwFzStwxsrwx2nwxhkyyciAz7gwB0ftDUd6GUdWIUd0LVe%8KHg5ILf4GLf" /><g i="35" c="422" p="%^ry$vry9ewA9ewA7uoI7uoI$v" /><g i="36" c="423" p="#^bDyudFyu8Gtt3Hns7HOp%7Hlp7HxmaGjleF4kaD4koB4krAtlvzRmvzmpvzUrqAdtmByubDyu^UCfwiAfwRyruoxCsoxlpox3mSydkkAniXCniGFni9Hrk%gHrk%zHDi%9JDi%9J$B%7H$B%7Hhw7H3vgHcu%6HcuIFfwUCfw" /><g i="37" c="424" p="#^iH$v%iHlniHJlyGWkPF6kdE6k6C6k8BflaAomaA$o%aA$v%7y$v%7y$c%aA$c%aALiaANj3Atk%bAtkOAwjUBZi$CpiqEpiTGpi5IAjkJKkkJgn%kJ$v" /><g i="38" c="425" p="#^nG$v%ZF5u%TF5uTElvTDOvTCfwoBfwpzfwgydv8xbu8xis8xfoDD2o%UF_n%UF8nUFAldFQkyE4k2D4knB4kgz5l%EyyjDz0jOAJi_BpiaDpizFpiJGtjTHwkTHSm%TH$v^OBAuHDAuMEytRFvsRFDq%RFqp%PDvppBApkAfqgzWqgzksgzptWz$tBAAuOBAu^jBxgVBNfACIegDDdFDRc%6GRc%6G5dAFUdwE2fsDcgGCRg%jBRg" /><g i="39" c="426" p="#^RxIuRxTtdyttBy2tiz2t$z2toAttOATtOAIuOAvvoAXv_zmwizmwGymwfyZvRxAvRxIu" /><g i="40" c="427" p="#^gA5t%sAmt7ABuxzcwXyPxhydz%Mwdz5xXxux3wUxcu2y5t" /><g i="41" c="428" p="#^RxIuRxTtdyttBy2tiz2t$z2toAttOATtOAIuOAvvoAXv_zmwizmwGymwfyZvRxAvRxIu^RxVjRxhiizhiOAhiOAVjOAJkoA9l_zAlizAlGyAlfyblRxOkRxVj" /><g i="42" c="429" p="%^wA$vsy$vsy9eoI9eoI$fwA$fwAxmWHxmWHnowAno" /><g i="43" c="430" p="#^aEbk%MAbk%MA$v%Ky$v%Kybk%lwbk%lwgj%Kyyi%KyOhKyTc1DTc6ETcxFid%0FWeRDye0DyeSByejBjfMA3gMALh%MACi%aECi^EI$v%CG$v%CGDi%EIDi^rG$erGieNG_d7HFdEHFd7IFdtI_dQIjeQI$eQIGftI0g7ImgEHmg7HmgNG0grGGfrG$e" /><g i="44" c="433" p="#^ODfwQAfw6zruoxDsoxqpoxam_yhkAAnigDniNFnifH1kJIGlJIoo%JIGp%vzGpzz1sHAgtPBuuTDuu1Guu8IAt%8Inv3HRv6G2w9FfwODfw^fD4kEB4kGA7lJzamyz1o%yG1oyG6mHF5lQE4kfD4k^KBxgkCNf$CIeHDDd4ERc%xGRc%xG5d$FUdXE2fTDcg5DRg%KBRg" /><g i="45" c="434" p="#^2ADi%2Air2AWsNAKtxByu7DyudFyubGpt9Hfs9HEp%9HDi%bJDi%bJ$v%wH$v%dHcu%6HcuuGbvnFJvhEfwSCfwqAfwcz5v$xWt$xnr%$xDi^9CxgLCNfqDIe6EDdvERc%YGRc%YG5dqGUdmF2fiEcgwDRg%9CRg" /><g i="46" c="435" p="%^_C4nLH9e$J9e1E4p1E$vXB$vXBap$v9egy9e" /><g i="47" c="436" p="#^iH$v%iHkniHIlyGVkPF5kdE5k7C5k8BelaAmmaAZo%aA$v%7y$v%7yDi%NzDi%7Ark%dArkRAsjYBWi4DnitEniTGni5IyjkJIkkJgn%kJ$v^NFPggFPgMEBggEmgND5giDPfRCBfpCnf_BnfnBnf3BKfLA5gAARg%ozRgyzmffAxeYAId3CIdDCId8DWdGD8e8EqeDEHe3FVevF7fUF7fvG7fNGNe4HqegHGd%tIGdjI8fDH_fXGPgNFPg" /></glyphs></font><font id="20" name="Articulate Light Charset1 6HQSFJKg2ge"><glyphs><g i="0" c="256" p="%^9y$v9yxeIGxeIG1gTz1gTzgmlGgmlGMnTzMnTzvu$Gvu$G$v" /><g i="1" c="257" p="%^Zx$vZxedyzedyz$v" /><g i="2" c="258" p="#" /><g i="3" c="259" p="#^TEFsTEEttEku3E0vqDsvOCUv$B5wcBiwoAiwAziwDyawGx2wRwHv%$w8uUxBuKyNuBzYukAYuTAYunBOuTBEugCnuGC5uVCGt9Dft9DGs9DWrICqrfCWqzBxqTA8q4AOpizrpCy$oWxzotxZn1xmn1xrm1xulnxQkJx9kiyKjTyjjDz7jnAXiaBXiLBXiCC3juDajkEvj%bETkLChkmBhkWzhkgzPkCyklCypmCy$m3zpnxzOndA9oWAvoKBSoyCcpeDIpXDcqpEVqTECrTEFs" /><g i="4" c="260" p="%^Zx$vZxejyzejyz$v^ZxQfZxKdyzKdyzQf" /><g i="5" c="261" p="#^vGCpvGTmzFAlDEhkHChkDBhkVALkbAclLzYljzIm7zFnYyCoYyCpYyEq9zzrnztsPz9tgARtZAfuGBFuECFuHDFuqEcuaFLtCF1t3GishGorvGuqvGCp^4IZu4IfwMHqxtHByLGtz2GlAUETALDpB4CpBhBpBkAeBnz4BfyKA%ny9zkzDzgARzdB3A5C3ADD3AvEyzoF1zRF8yiGfxpG2wwGRuwGut%tGutkF$vBC$vaB$v9Atv9zWuvy0uRx6txxZrexPqexzpex4oxxSmRxDluyLk7zTj6Apj5BXitCXi8DXiGD$idE2jHEejaFqjBFNj0G7krGGk%vGGk%vGej%4Iej%4IZu" /><g i="6" c="262" p="#^vG$v%vGJt%sGJtQF5vQEIvQDiwjCiw8Aiw2z1vZxMtZxkr%Zxej%yzej%yz2ryzRseAVtXAYuyCYuBDYujEyu2F8uvFvtYFRs9G$rmG8rmGeq%mGej%XHej%XHPtXH8uYHNu_Hqv1I$v" /><g i="7" c="263" p="#^MFJoMFSnzF3nnFfm_EElCE1l_DFknDhkxChkJBhk2BDknAYkSzzllz9m2zZmMyNnLyJo%MFJo^Ly3qLy1r$yWrgzPsNzvtjAau5BzuUBYuXCYuiDYuLDUudEPuIEHucFzuGFou8GduwG$t%wGBvAF_vzE8wyDiwPCiwgBiwaAPv5zjvnyruGxztlxks1x4r1xAp1x3orxQmRxAlzyJkizSjgApjfBXipCXiNDXiKEtjIF_jjGSkWGKlcHSmuH_nuHcp%uH3q" /><g i="8" c="264" p="#^mG$v%mG7omGmmEFklWEhklDhkiChkzBHkRA4loALlXzpmKzgnyz6oyz$o%yz$v%Zx$v%ZxylZx4lXxukVxTjSxej%ozej%ozvl%rzvl0Aak$Azj$BXiADXiJEXiyFijnGFjUGjkqHYkGHTlXHNmXHRn%XH$v" /><g i="9" c="265" p="#^QDXvkD6wSCcwoCiwTBiwUAiwkA$vMzHvtzavazEu4zXt$yet$yrs%$yAk%uwAk%uwej%$yej%$y9g%AABf%AAej%tDej%tDAk%AAAk%AAWsAAJtYAlukBYuiCYuECYuYCUuhDPuJDEu%QDXv" /><g i="10" c="266" p="#^oGRvyF6wNEcw0EiwaDiwtBiwiAIv8z5vpy8uGxbtlx$r1xPq1xEp1x3owxQm$xAlQyJkGzSjPApjZBXijDXiZDXiME2jAF9joGqj%gGWkBFDkTEskaEhkADhkqChkwBGkDA2l$zMlozum3ztnLyroLyEpLyCq1zzrjzwsVzgtvA0umBuudCYunDYuOEYufGnu%oGRv" /><g i="11" c="267" p="#^bHEpbHxoWGynFGzm6GRlAF7lNEIk$DhkYChkUBhk5BIkjA7lMzRlezzmZyynJyxoJyEpJyMq$yLrhzJsPzrtmA8u8ByuXBYuYCYuYDYuKEyuxF8u3GrtCGJsUGLrbHMqbHEp^VIApVI1rwIgs7IutmHouBGhvuFOvnEiwYCiwwBiwpAOvizhvxyouMxutnxgs$w1r$wAp$wholx4nHxTlpyYk8z1kgAujoBXiYCXivEXiDFujLG1ktHYkcITlyI4nVIhoVIAp" /><g i="12" c="268" p="#^vGApvGHoiGLn5GOmEF1mbFfltEMkLDhkJChkGBhkYAIkfA7lOzTllzCm8zBnYyzoYyEpYyMq9zLrnzJsQzrtiA8u$AyuJBYuJCYuMDYuuErudFWtGF8t7GlsjGprvGtqvGAp^vG$v%vGZt%rGZt7GCuHF3vfFwvKEOvdE3wDDaw2DiwsCiwiBiwkASvnzpvHyzu$xJtCxtsexcrexApex4oxxSmRxDluyLk7zTj6Apj5BXisCXiUDXiWEEjZFkkrGnl%vGnl%vGed%4Ied%4I$v" /><g i="13" c="269" p="#^YGApYG9n0GJl4FhkcDhkaChksBLkLAdlhA_lQzKmCzHnpzDopzBppzzqCzwrQztshAetLA$tsBuuaCYu9DYu0FYu_FytYG8sYGAp^GIzpGI4rjIksZHzthHsuCGlvEFQvGEiwoDiwZBiw_AIv0A5vszPt%pzPt%pzfB%QxfB%Qxej%pzej%izyl%lzyl0Afk$ABj$BXirDXiXFXiiHCkGIhmGIzp" /><g i="14" c="270" p="#^SDKklDBkJCBkMBBk8B4lwAzl9AjmPz3nGzZnyzSoyzHp%yz$v%Zx$v%ZxhlZxLkXxikVxQjSxej%rzej%rzGl%uzGl2AmkSAFjHBXiMCXi0DXidDZirD_iSD4j%SDKk" /><g i="15" c="271" p="#^9Fzp%yEzpoCzpcBUp0AcqozQqJywrJyFsJyJtnzlu1AYumBYuHCYusDtudEZtBEgtZEzs3FOr9F1r9Fsq^iF$v%iFWt%fFWt$EwuyEYu5EovyDIv$C$vnC8wMBiwdBiwUziw4zWvgyxvNx_ujxru9xOt$w9t$wEs$wVq3yRp$yVoDAzofCdowEdo%9Fdo%9FAn9FQlsE3lMDhkfChkgBhkjAwknzLkvykl%vyOjtzmjvA9jyBXilCXiADXipEgjfFAjMFbkhGNkvGFlKGwmKGCn%KG3uKGluLGWuNGuvSG$v" /><g i="16" c="272" p="%^WymzmxmzOyVtVAVt" /><g i="17" c="273" p="#^oN$v%oNunoN2mMMal8MhkIKhkYJhkjJDkHIYkdIzlMH9mwH$mgHQngHQo%gH$v%HF$v%HFynHFNlXE1lcEhk$ChkdChkABDkXAYkuAzl2A9mOz0nyzSnyzSo%yz$v%Zx$v%ZxxlZx7lXxvkVxTjSxej%ozej%oznl%rzplbAWjbBrjbCXirDXi0EXiAE5j8FfjBFBj2GXjmGrkGGXkOGDl%RGDlnHmksIFjxJXiYKXi1MXiOMkjzNIj2OjkxOVkLOFlZOomZO4n%ZO$v" /><g i="18" c="274" p="#^vGBpvGIoiGLn5GOmEF1mbFfltEMkLDhkJChkHBhkZAHkgA5lPzQlnzym9zwnYyuoYyApYyKq9zJrnzHsQzptiA7u$AyuJBYuJCYuJDYuqEuu8F$tBFft3GushGyrvGBqvGBp^vGfB%vGPt%rGPtTF3vWEHvZDiwtCiwaBiwbAOvczhvyyouVxutzxgsex1rexApex3oxxRmRxClvyLk9zTj7Apj5BXisCXiXDXiTEBjPFfkrGil%vGil%vGej%4Iej%4IfB" /><g i="19" c="275" p="#^YGBpYGan0GKl5Fhk9Dhk4ChkkBPkBAklaA7mLzVmAzRnpzNopzAppzBqCzzrQzwshAgtLA0usBuuaCYu9DYu5FYu0GutYG0sYGBp^GIzpGI0rlIfs0IttlHnuHGgvIFNvJEiwoDiwDAiwszZt%pzZt%pz$v%Qx$v%Qxed%pzed%pznl%sznlWzhk$ACj5CXioDXiPEXiPFrjPGXjsHPk5IHlnIVmGI6oGIzp" /><g i="20" c="276" p="%^sy$vsyVtuAVtuA$v" /><g i="21" c="277" p="%^MI$vMIMnWzMnWz$vcy$vcyxeWzxeWzgmMIgmMIxeuKxeuK$v" /><g i="22" c="278" p="#^8Gpj8GThgFYgpE1gGC1g%Tz1g%TzXm%iBXmFCXmzDKmuExm2F5mDFFlTF$k8Gkk8Gpj^SHujSHGkqHCl$GxmfG9nvFNntE6osDrofCro%Tzro%Tz$v%9y$v%9yxe%qCxe$ExeqGOfSH2hSHuj" /><g i="23" c="279" p="#^_Kgn_KSlCKwkfK9jwJ5iOI1hGHogyGKf1FKfvDKfnCogfB1hwA5iOz9jrzwk4zSl4zgn4zEoqz$pMzlruApsdBttlC8utDOu1FOuAGOuIH8uQIttyJpshKlrDK$p_KEo_Kgn^IM6nIM6pdMOqLLusNKJtQJXuoIDvYGiw1Fiw5DiwFBDvdAXufzJtiyusQxOqmx6pmx6nmxjlRxIjky4ihzTgfAFfHBYe7Dee1FeeWGeemIYeOJFfLKTgJL4icMIjIMjlIM6n" /><g i="24" c="280" p="#^6G1j6G$hMFphqFOgREvggEcguD7gJC1gTB1g%Wz1g%Wzgm%JBgmyCgmkD5m7EVlKExllF9lJFyk6GWj6G1j^gH$v%PEgqrEmp4ERoJDkojD5oWCSnsCPn$BMntBMn%WzMn%Wz$v%cy$v%cyxe%LCxeGDxeAEKevFWedGrfYGYfoHQgQHIhQH4jQHQjzHwkiHblOGJliGemAFBmTEYmZD4n%ZD7nqEcnJEkn0FrnfFGnvFUnIFgoWFEobGep%aJ$v" /><g i="25" c="281" p="%^7D1g7D$vpB$vpB1gfw1gfwxegIxegI1g" /><g i="26" c="282" p="%^kEbgwAQp5IQp^yK$vGIkrTzkr$x$vjw$vtDxeqFxemM$v" /><g i="27" c="283" p="%^Fz1gFzgmWFgmWFMnFzMnFz$vXx$vXxxeeGxeeG1g" /><g i="28" c="284" p="%^$x$v$xxeJzxeJzvuJGvuJG$v" /><g i="29" c="285" p="%^Xx$vXxxeFzxeFz$v" /><g i="30" c="286" p="%^vE$vEC$v8wxeZxxeBDguqJxe7Lxe" /><g i="31" c="287" p="%^qI$vIzXgFzXgFz$vXx$vXxxe6AxeZIUt1JUt1JxeLKxeLK$v" /><g i="32" c="288" p="%^ww$vwwvuDF1gLw1gLwxesHxesH1goyvuLHvuLH$v" /><g i="33" c="289" p="#^ECVh%vBVh%QDje%OFje^bHEpbHxoWGynFGzm6GRlAF7lNEIk$DhkYChkUBhk5BIkjA7lMzRlezzmZyynJyxoJyEpJyMq$yLrhzJsPzrtmA8u8ByuXBYuYCYuYDYuKEyuxF8u3GrtCGJsUGLrbHMqbHEp^VIApVI1rwIgs7IutmHouBGhvuFOvnEiwYCiwwBiwpAOvizhvxyouMxutnxgs$w1r$wAp$wholx4nHxTlpyYk8z1kgAujoBXiYCXivEXiDFujLG1ktHYkcITlyI4nVIhoVIAp" /><g i="34" c="290" p="%^oC$vyA$vdwejXxejtBguwBgudFejTGej" /><g i="35" c="291" p="%^Ow$vOwGutEAk5xAk5xejiGejiGAkDyFuiGFuiG$v" /><g i="36" c="292" p="#^dKyvRJMvkJVvPI2wgI7wKHdwbHfwFGiweGiw9EiwxCEvVA_uLzOtCyCs0yYqqxhpqxenqxhl0yEjCy_hLzNgUAAfwCVe9EeedGeeFGeecHgeMHiejIneSIsemJAeSJIedKTe%6KugeJ2gbIUf8HKfgGKfxEKfbDjgSBTgYAUh3AViBzhk8zFl8zhn8zVoAzhq1AFrWAFsQBFt9DeuuEOueGOurHOusICutJpu6K1u%dKyv" /><g i="37" c="293" p="#^QLdviKSvYI4wDHiwoGiwhEiwECDv$AXuTzKtLyxsayUqCxepCxgnCxcleyxjTySh1AHgcBvfQCTesEeepGeeWGeeyHheaIkeOIqeqJve0KGeDKQe4L2f%TKFgQJ4gEIVftHKfpGKfJEKfpDig5CSgaBShgASiOzfkkzDlkzhnkzXoNzjqfAHr8BHs1CHtmDfuIEOupGOuNGOuhHMuOHKujIGuRIBujJuuOJmu6Kau%6K2o%2G2o%2Gym%QLym%QLdv" /><g i="38" c="294" p="#^JERd%ADRd%VFea%THea^_Kgn_KSlCKwkfK9jwJ5iOI1hGHogyGKf1FKfvDKfnCogfB1hwA5iOz9jrzwk4zSl4zgn4zEoqz$pMzlruApsdBttlC8utDOu1FOuAGOuIH8uQIttyJpshKlrDK$p_KEo_Kgn^IM6nIM6pdMOqLLusNKJtQJXuoIDvYGiw1Fiw5DiwFBDvdAXufzJtiyusQxOqmx6pmx6nmxjlRxIjky4ihzTgfAFfHBYe7Dee1FeeWGeemIYeOJFfLKTgJL4icMIjIMjlIM6n" /><g i="39" c="295" p="%^tyVhjxVhEzjeDBje^Zx$vZxejyzejyz$v" /></glyphs></font><font id="30" name="Articulate LightBold Charset1 5isqSMPaTR0"><glyphs><g i="0" c="256" p="%^0O$v0OAgoOAg9I$vlG$vWzAgjAAgjA$v6y$v6yoe9BoeeHrtlNoedQoedQ$v" /><g i="1" c="257" p="%^qEvgYAspSHsp^lK$vwIqreAqroy$vjw$vpDoeGFoeyM$v" /><g i="2" c="258" p="#^2M_ulKTv0J4wIHiwsGiwjEiwFCDv0BXuSzJtJyus8yQqAxapAxbnAx7ldyrjSyLh1AzgcBnfRCKevE5esG5eXG5eAH8eeIbeRIhesJme4KxeIKIeiL$e%3LZgKJogBIegtH3gsG3gSE3gDDBgoC6hxB3iGA$idAjkNzDlNzdnNzOodA6qFAprvBlslChtBDPtREkusGkuUGkukHjuNHhuiIcuPI7ufJ0uHJVtRJQt%RJco%SFco%SFem%2Mem%2M_u" /><g i="3" c="259" p="%^Ux$vUxoe5Aoe5A$v" /><g i="4" c="260" p="#^uHcruHBsWGAtmGzuvF9vFELvDD0wBCiwDBiwtAiwtz5wtyUvtxtv%HxjtTyTtJz6uAAkuEBkuFCkulD2u1EMtsEjtUESs4FhshFIrhF5rhFkqKELpcE9pkDDotC5osBznsA1nxznmDyJl0ySkqx$jqxNiqxIhSxRgiyZf3zmfRzLeSAqeUB5e4D5eSE5eIGKe%nGHgrFlgEEcgSD3g4D3gpB3gwANgDzuhDzJiDzwj8A4kGAEkwB9lnCFloDamqEGmlFmngG1oTGZouHUpuHcr" /><g i="5" c="261" p="%^vDmgvD$viB$viBmgewmgewoeyIoeyImg" /><g i="6" c="262" p="%^6y$v6yoe$Goe$GmgjAmgjAZlFGZlFGXnjAXnjA1uiH1uiH$v" /><g i="7" c="263" p="#^VF2jVF6iBFAhiF2hNENghEwgyDrgPCmg$Bmg%mAmg%mAZl%SBZlECZlnDPl6EElGEileFYkzFpkVFSjVF2j^7H$v%EE1qiEmpYDVoDDrohDeoXC0owC_n6CXnCBXn%mAXn%mA$v%9y$v%9yoe%SCoeNDoeJEBeGFOeqGlfbHTfEHNg6IHh6I5j6ITjQHBkyHil0HRlvGomMFMm1F8nkEen%kESmzEUmUE1neF9nvFpnMFFn_F3odGsorGWo%qJ$v" /><g i="8" c="264" p="#" /><g i="9" c="265" p="%^hI$vJzeh5Aeh5A$vUx$vUxoeqAoe7JrtNIrtNIoe_Koe_K$v" /><g i="10" c="266" p="#^4J3n4J9lxITj$HAi5HPhcG2h_EIgNDmgqCmg%aAmg%aA1u%lB1uWC1ujEItJFntMGBsQHPrsIuq4J8p4J3n^hLbnhL6pIKKq8KlsVIxtGHIuLFmvRD$vaB$v%Zx$v%Zxoe%uCoeQEoevG2faIIfeJTgjK2iOKGjhLilhLbn" /><g i="11" c="267" p="#^VKMpVKKrfK0tBJhuBI0vCHLvuG0wnFiwsEiweDiw4CYvWACv$zQu5z1uxyOs_xzr_xNp%_xoe%bAoe%bARpbADqoAqrBAcs5BSsBBvtoCWtbDkurEkupGkuyH8tIIXrIIKp%IIoe%VKoe%VKMp" /><g i="12" c="268" p="#^tKjvXJLvoJVvSI2wlI7wRHdwhHfwKGiwiGiwdEiwACEvXA_uMzNtByzs$xVqpxeppx9npxcl$xyjCyThLzGgVAsfzCNedE5ehG5eGG5efH8eRHaeoIfeXIjerJreYJzetKQe%lKOgaJng9Idg8H3gkG3gHE3gqDCgaC8hkB5iuA2j2AmkCzFlCzdnCzNo0A5qrAorhBks8CgtoDOtEEkuiGkutHkuqI9unJZtlKAt%tKhv" /><g i="13" c="269" p="#^XEce%qDce%QFaa%9Iaa^IKbnIKRllKzk$JhjjJhiDIghAHGgxG3g6F3gGD3gDCGgABghUAgidAgjTzykxzQlxzbnxzwoSzOpbA4rTA5szB5tCCJtFDku6FkuzGkuCHItFI4tlJ4s1K4rmKOpIKvoIKbn^VM2nVM1pqMKqXLqsYKGt_JVuwICv2Hiw6Fiw9DiwHBCveAWufzHthyrsOxLqkx2pkx2nkxelPxDjiy$hgzMgfAxfIBPeaD5e6F5e1H5evIQeZJyfXKNgWL$hpMDjVMflVM2n" /><g i="14" c="270" p="#^XFpjXF0i9FbhnEmgOCmg%jAmg%jADm%rBDmLCDmBDrmsEfmZESluFtlIFTkXFhkXFpj^8Itj8IJkHHGlfHDmtGhnHFWnEEgoCDBonCBo%jABo%jA$v%6y$v%6yoe%yCoeaFoeFGIf8I$g8Itj" /><g i="15" c="271" p="#^IKbnIKRllKzk$JhjjJhiDIghAHGgxG3g6F3gGD3gDCGgABghUAgidAgjTzykxzQlxzbnxzwoSzOpbA4rTA5szB5tCCJtFDku6FkuzGkuCHItFI4tlJ4s1K4rmKOpIKvoIKbn^VM2nVM1pqMKqXLqsYKGt_JVuwICv2Hiw6Fiw9DiwHBCveAWufzHthyrsOxLqkx2pkx2nkxelPxDjiy$hgzMgfAxfIBPeaD5e6F5e1H5evIQeZJyfXKNgWL$hpMDjVMflVM2n" /><g i="16" c="272" p="#^_EIp%EEIpzCIpsB$plAiqMzTqbzsrbzusbzptLzXtkAtuwBtuLCturD1u7EAttEYsPEjsUEBr_ESq_Ekq^7F$v%7FYt%vFYtjFquQEUumElvNDGvdD_vAC8wYBiwnBiw0AiwazVvkywvPxXujxlu8xHt_w0t_wss_wFq6yxp3zAoIAeomCTnCETn%_ETn%_Evn_EUlnEdlMDxknCxktBxkzALkGzZksyyl%syEjzz7jDAWiHBIiuCIiJDIiBE2juFnj1G0kAGEkPGyl2Hrm2Hxn%2HSt2Hdu3HJu4Hcv9H$v" /><g i="17" c="273" p="#^9G$v%9G2o9GomvFtlSExksDxkvCxkRBUkbBflNASlnAsmbAfn$z1o$zVo%$z$v%Xx$v%XxwlXx3lVxukTxVjQx$i%Rz$i%Rzdl%tzdl$z$j1Bmj3CIiGDIiSEIiJF4jBGsj8H8kHHQkYHMldIImdINn%dI$v" /><g i="18" c="274" p="#^bEHvwD6w1DcwyCiw$BiwZAiwmAZvMzEvrz4v6zvu0zOtXy4tXygs%XyQk%uwQk%uw$i%Xy$i%Xy2g%$Arf%$A$i%RD$i%RDQk%$AQk%$AKs$AstiBZtCBtuqCtuLCtu1DqujDmu2Eau%aEHv" /><g i="19" c="275" p="%^Xx$vXx6d$z6d$z$v" /><g i="20" c="276" p="%^JC$vJCOgaAdj$yRh1DoeWEoeWE$v" /><g i="21" c="277" p="#^iGtpiGDo5GKnVFRmuF7m4FplqEZkMDxkRCxkTBxkeBVkCAhlbAZlNzEmBzznpztopzwppzCqBzxrOzrsdA5tEALthB6uWBtuRCtuNDturE$t5FxtwFPsXF4s6GbriGiqiGtp^iG$v%iG$t%FG$toGxuWF0vtFuvXEMvpE2wODawbDiwzCiwnBiwnARvozovHywu_xEtBxnscx6rcxtpcxXnwxJmQxvluyBk8zHj9AcjbBIizCIi4EIi9FrjeG9kFG5l%iG5l%iG6d%mI6d%mI$v" /><g i="22" c="278" p="#^zFCozFPnnF3ncFjmRELluEblXDSkpDxkECxkXBxkjBRkIA8leAHlMzemvz$mezLndzmo%4Gmo^dzbqdzSqszHrIzwsbA8tGALtnB6u5Ctu3DtupDtuRDpuiEluJEeu9F7uDFYt6GMtRGxt%RGwvIF_vHE8wHDiwXCiwmBiweAOv7zivoyouGxutlxes0xZq0xtp0xWnqxGmRxqlAyykkzFjkAbjlBIiwCIiXDIiXEfjXFNjzGHkcHBluHKmMHTnMH5p%MHbq" /><g i="23" c="279" p="#^LGbnLG6mDGSkvGCj6GziJFwh$ESghEbg3DbgRBbg6BSgoAwh$zziCzCjvzRkpz3mpzbnpzgovzupCzIq$zNroARs6BxtRBcu3DcuiEcu0FxtKFRs7GNrxGIqEGtpLGdoLGbn^YI9nYIxoLI6qyIGrXH0tkHmu9Ggv$Eaw3Daw7BawZzgvPylucy0tBxGrox7qcxzocx9ncxFlrx6kGxzijyfhZyWf6A4fgBde3DdeTEde0G4faHWfPHfhtIziII7kYIHlYI9n" /><g i="24" c="280" p="#^dx$v%dxau%gBIp0CSoKC_nsD5n0EemBEnlWEzkgFKjgFZigFri3FXhTErhwE2h9EFgDDqg6DbgrCbgDBbgEArgFzHgbyph%Qxtf9zPejAweuBderCdeuDdeqEuenFLe4GlfNGXfcHQgDHJhDHYiDHTjeHSkRGRlcGSmzFSnGEYoND1qMC8r%Pz1u%0I1u%0I$v" /></glyphs></font><font id="40" name="Myriad Pro Cond Charset1 5X1GQFDqCHy"><glyphs><g i="0" c="383" p="#^vxVvWx$vuy1w2z4wEz4w5B5whCFvtDcviEiu7FrtIFKriG1qjGaniGxkGFSi2Fbh2ElgmDJfnCpfpB4f5A4fmz4fHy9f1yefvxof^pzLgCzHgRzGg4AEgjAEglCFgkDlikE0kkEdniE3qIDFr7DftaCUtdBwu8Avu$zvuPzvuDzuupzru" /><g i="1" c="384" p="#^hE6qiEUpjEEpkEnpkE0plEEn_DrmEDdlTCtk6CJjUAIj2zKjXxqlRw5nQw3qQwUsWxvu1z6wbB8wXB8wEC$vlDSvSDAv%xDaubDmuHCuubCCuyBDuRAEucAhuzzWt8zXsJyYrHy6q^JyIoLySn_y3ndzfmEzKl3AdlHAblqBblYB2muCUmvCIo" /><g i="2" c="385" p="#^Fz_v%Fzll%aDll%aD_v%4F_v%4FVj%FzVj%FzijDzTh8A$gFA6g5C4gKC5gfDfgMDpg5Ezg%uE4f9ERexDGeWCve8CveuAwewzcfyyUf8yXgKx_hLx5j%LxVj%dwVj%dwll%Lxll%Lx_v" /><g i="3" c="386" p="#^mx_v%gz_v%gznogz2ohzNnjzvnnzinzzjm3AQlzAklaBjlTBkleCLlBC9mJCPmSCsnSCbo%SC_v%ME_v%METnLEGlXDHk7DHjRBIjUAIjaA9ktzCk4zll%0zll%WyVj%fxVjhxBkjxillx_lmx0n" /><g i="4" c="387" p="#^gz_v%gzVj%mxVj%mx_v^gy0iOy0i5zHhpzlhpzMgpzcg5zTfOyxfgyxfNxxfsxTf8xcg8xMg8xlhrxHhLx0iey0i" /><g i="5" c="388" p="#^ZCeuECpuiCuuZBzuBBzufAxuvzmtLyasKy1qKyPo1zMnkzImXz2mzAnlyBll0CmlmCtlJCAlWCGl%iD7k0DYjyCRj5CKjBBKj4ALj0zBkYxqloxRmQwgoQw1qRw1t1yBudz8weB8wUB8wpC0wWCUveDIv" /><g i="6" c="389" p="#^MAbwJBcwDCCvyD0v8EEtLEfsMEWpMEPnfErmKD2lRCnkZBIjTAIjPzHjUylk_x_kpxnmRwMnQwZpQw5slxttTxRuLyxvEzcwLAbw^QAGuZzEuwzUt3z8tUy3sKyZqKyXpKyZoUyUn2zOmuz1mXzglOAdlEBgl4C1mxCOmHCUnSCZoSCXpSCWqIC0syC5t6CStGBDuRAGu^OBYe%Tzji%8Bji%NDYe" /><g i="7" c="390" p="#" /><g i="8" c="391" p="#^kwVj%nz2vpz9vpzgvqznvqzuvqzDvozMvnzUviz5w8zywSy5xAyExcy8yOxEymx1zWwqzvwFz%cxhBxx8B7yIAJygAnztzqA2y7B$vQBZtnCGr%lEVj%sCVj%1BTqTAxrKAasBAPsvAlt%sAltkAMsdA9s6AyrYzRq%lyVj" /><g i="9" c="392" p="#^ywsvYwMvBxYvfy8wWy8wXz8wLALvABmv3CzuzCLtzCysyCirRBpq8Bwp3ARobzgoSyPnyymnzyMmzy9mYyIllzfl7AdlCAel$AoloBxlLBNl%fCkkTB4klBUjPAIj5AIjFyJjKxEkPwylNw2nNw3ooxVo0yKpbzvq5A4rqAErMAbsLATsKAHtfA9uNzCuZyDunyCuSxqulxdu1x$t" /><g i="10" c="393" p="#^NxRh%NxVj%iwVj%iwll%Nxll%NxnsMxDtXxku7y1vvyqvRyPvkz_vPz9woA8wSA8wcB5wzB2wPBYv%JBuuzBwunByubBzuXAzupAAu2A9uIzKtHzys%Hzll%0Cll%0CVj%HzVj%Hz4h" /><g i="11" c="394" p="#^kx_v%ez_v%ezipezZofzIohzrojzbouz6n5ApmIAHlEBFlLBFlRBGlYBGl2CHl%2CJjYBIjRBIjLBIjEBIjNAJj5AjkpzVk5zNl%2zNl%XyVj%dxVjfxAkhxpljxemkx0n" /><g i="12" c="395" p="#^AEVj%GCVj%GCTrGCasECrsDCIszCYswCftjCDt7C$tMBhupBzuRAAuSzyuwzDtbzIsczgr%czVj%ixVj%ixyrhxPtZx$uGybweAbwdB9wTBHvyCcvPCJu%SCJu%0D_v%HE_vFEkvDEwuBEHtAEIs" /><g i="13" c="396" p="#^ID_nJDYlUCRk4CJjgAIjmzJjCyZjSxcksxvk%TxRljyylPyoljzdlTzdl_AfloB$lPBKmOBZn%OBlopAlofzPo5yhpnxfqGwdrFwKsGwlutxgvhyawwzbwiAbwVAPvwBqvWBJu%_BJu%6C_v%QD_vLDpvJDHuIDYtIDft^RBasRBlsPBxsOBIsMBSsBBMt6BeuEAHu$zIuszJu$yeuyyKtwyyszyfr9zEqMz1qxASpjBHpRBIp" /><g i="14" c="397" p="#^KCHe%KC7l%GC7ljCmkJB1k8BHjtAIjwzHjHynkSx3llxtmRwSnQw$pRw0tPxCuNybwlAbwjBawYBGvBC9vTCvu%_Cvu%6D_v%LE_vJEqvHEBuFELtEE5t%EEHe^KCJrKCYrJC9sICmsFCxsjCPtNBeugBEuOACu5ABuEz_tbzmtYyksKyirKy$pKyMoXyJn9zGmDz1m5AnlUAllCBnl6C3mCCKmICInJCVnJC6oKCjoKCvo" /><g i="15" c="398" p="#^kxNA%ezNA%ezQu%izQuxzmv2AMvzAawqBbwnCcwdDAv3EXuBEzt7Fas8FWp7FVmbEjlgDJjEBIjXAHjgA5kBzuk5zql%2zql%XyVj%dxVjfxwkhxqljxjmkxGn^eztoezeofz0ogzNnjzynpzHmVz2mqAol5BllSBmlkC_lOCCm0DFneDIoeDZpeDcr1DfsQCitmCXtUBAu5BCuGAEu9AeuFzQtlzAshzlsfz5sezRrezAr" /><g i="16" c="399" p="#^MAbwJBcwDCCvyD0v8EEtLEfsMEWpMEPnfErmKD2lRCnkZBIjTAIjPzHjUylk_x_kpxnmRwMnQwZpQw5slxttTxRuLyxvEzcwLAbw^QAGuZzEuwzUt3z8tUy3sKyZqKyXpKyZoUyUn2zOmuz1mXzglOAdlEBgl4C1mxCOmHCUnSCZoSCXpSCWqIC0syC5t6CStGBDuRAGu" /><g i="17" c="400" p="#^Fz_v%Fzll%SBll%SBVj%FzVj%Fz7jFzkiOzEhXzYgjAxgHA5gmB4gKB5g_B9gfCcgrChg%KCOetCFe5CAeJBveeBveFAue$zJemzXePywfayfgYxchKx9iLx8j%LxVj%dwVj%dwll%Lxll%Lx_v" /><g i="18" c="401" p="%^mx_vgz_vgzHemxHe" /><g i="19" c="403" p="%^EDnmpznmpzPgVDPgVD9fvx9fvx_vdE_vdEkupzkupz_nED_n" /><g i="20" c="404" p="#^mx_v%gz_v%gzhogz$nhzLnjzunlzgnxzhm1AOlxAil9BhlSBildCIlAC6mHCKmPCmnPC1o%PC_v%JE_v%JEboJEUnKEDnLElnOE6n0FfmuFNlZFilAGhliHilFHLl1Ibm8IUmgIBngIoo%gI_v%aK_v%aKZn9KFlkJGkwIGjfHIjNGIjmGPjYFWjAF8kfFnkXEJkEE3lpEwl%mEwl$DykkD7kFCHjOBIjRAIj9AakuzDk5zml%2zml%YyVj%fxVjhxBkjxillx_lmx0n" /><g i="21" c="405" p="%^kwVjtz_vaB_vlEVjsCVjYAHq#PAorGA8s#yAUssAFtnAFt#gASs7A5s#_zkrRzIqkyVj" /><g i="22" c="406" p="%^pw_vkD_vkDpuAypuAylu#NyXt1ztt#iz$syzyskDalkDVjTwVjTwulbBulbByl#_AXlJApm#tASmdAjnowQu" /><g i="23" c="407" p="#^yv_A8wZATwHADxpAbySzQycz7z8yqz5xpzdv%pzVj%vxVj%vxHuvxmwmxdxex5yWwyyCwZy9wazJvnzivtz^ty0i_y0ihzHhBzlhBzMgBzcghzTf_yxftyxfZxxfExTfkxcgkxMgkxlhExHhYx0isy0i" /><g i="24" c="408" p="#^vybw6zbwrzOvMzpvMzLuMz4uqzHt4zitvyitZxitBxItex5uexKuexpvAxOvXxbwtybw" /><g i="25" c="409" p="#^kx7tjxxtix3uhxBufx6vexDvdx_v%Ty_v%_yqu%5zquqzcvZzHvxAawvBbwrCcwgDwv5EQuCEqt7F0s8FQp7FQmcEgliDIjRBIj4BHjqA3kMzrkizkl%ezkl%ezHe%kxHe^ezloez8ofzWngzInizvnrzGmWz1mpAol5BllTBmllC$lPCDm0DGneDIoeDWpeDer1DisQCltmCZtUBBu7BCuIAEubAduGzOtjzvsezasezLr" /><g i="26" c="410" p="#^KxYy4yoyvyoxXyowlzfvLz5u1A3t%SxjtKxbuuxgvfxlwZwmxHwoyqw8z" /><g i="27" c="411" p="#^Iwov4xHvSxWvFy8wyz8wUA8wYBAv1D$uEDXtgETsgEqrhE0qzDQoSCDnlBzmyA0m_zylrz3l9zvkTyWjSy5jSyvi7zZhozqhWz3htAIgiBHgYBIgtCTg_C1hiDgh%NDDftDpfQCcfcC$epB$enz1fayfgZwthYwqjZwvktxol_xhmIyYmrzDn7A5o7BQoKBEplCsqmCBrlCUsCBFtTAquyzsuUyrudyfuzx2u7xMt" /><g i="28" c="412" p="#^KCNA%EENA%EEGnFEimHEplJEvkLEVj%1DVj%WCkl%TCilqCnkPB1kcBHjDAIjBzIjKyqkTx7llxymQwZnQw5qSw5tQxEuPybwkAbw8BbwKBNvlCnvFCLu%KCLu^KCyrKCPrJC5sICmsDCCsjCPtPBdukBDuTACu7ABuFz_tbzmtYyksKyirKy$pKyIoXyFn9zCmDz_l6AmlUAllABnl3C0myCEmGCDnJCOnJC0oKCeoKCqo" /><g i="29" c="413" p="%^vx_vpz_vpzkoCDkoCDJmpzJmpzPgVDPgVD9fvx9f" /><g i="30" c="414" p="#^Fz_v%Fzll%LBll%LBVj%FzVj%Fz7jFzjiSzDh3AWgyAvg1B4gTB3ggC3gBC8gXCcgcDjg%cD_v%6F_v%6F9fAESeNDHe$CvebCve7BvenANeDz3f6zzfnyhg2yhhKxgiLxfj%LxVj%dwVj%dwll%Lxll%Lx_v" /><g i="31" c="415" p="%^nwVj9zWphw_vfy_vlzgt#zzMsLzfs#YzKr9AbrcAbr#qANrCAhs#OANs$Agt8C_vfE_voBRpgEVjiCVjdBtm#0BYmPAun#CA0ooABolABo#9A2oYzxn#Mz$myztmqyVj" /><g i="32" c="416" p="%^gz_vgzVjmxVjmx_v^fzYekxjiByjidBYe" /><g i="33" c="417" p="#^nACjOzCjsz_j7zmk7z$k7zClsz$lOzomnAomYAomhB$lCBClCB$kCBmkgB_jWACjoACj^ozso%qzToyz6qkz2r6zZrxyYs6yDtGxlufx3vYwSvGwEwGwyxFwsy$wezmx0A7yvAUy_A8A_AYAZADBMAiCzACClA%cCTyUB3zsBbz0BjzxAkzJzkzbzRyFymyDyixEyjw2ztvszCu5AAtQAjs3B8rjBYp8BQo%4Bso" /><g i="34" c="418" p="#^yE5ueEeuNDlulDruOCsuKBtuQAQtXzatnzGrQyaqPyBnRy1lrzwj1A$hWAlhPBGgLCHgoDIgLDPg7EVgqE2h%REqfBEff2E7fwD$eMC$eoBZe1AOfGyCgLxyiQwukOwOnPwFqxxwsfymuwzgvOA9wrC8weD8wRD0wtEVvTEIv" /><g i="35" c="419" p="#^jAor%hAZq9AKpnAPoBATnaBUmBBcm0CulsCMkKC_j1Dbj1Dhi2DnhHCBglCPfABkfPARezzReLySe4y3fpxgf5xuf%vxYgPxKgfyDgHyvgazvg_zvgwA_g2Bth4Bxi3BwjFAnkfAdlCzgmTywnDyJooyVpzy0r%Dyor^nzbwZzbwhAPvCAqvCAPuCAauhAOtYzptnzptQypttyOt7yau7yQu7yrvtyPvPybwlzbw" /><g i="36" c="420" p="%^vx_v8E_v8Enupznupz9fvx9f" /><g i="37" c="421" p="#^ID_nJDYlUCRk4CJjgAIjmzJjCyZjSxcksxvk%TxRljyylPyoljzdlTzdl_AfloB$lPBKmOBZn%OBlopAlofzPo5yhpnxfqGwdrFwKsGwlutxgvhyawwzbwiAbwVAPvwBqvWBJu%_BJu%6C_v%QD_vLDpvJDHuIDYtIDft^RBasRBlsPBxsOBIsMBSsBBMt6BeuEAHu$zIuszJu$yeuyyKtwyyszyfr9zEqMz1qxASpjBHpRBIp^rBYe%wzji%OAji%pDYe" /><g i="38" c="422" p="#^vy0n5z0npzEmKzfmKzDlKzZkozBk3zckvyckYxckBxBkfx_kfxDlfxfmBxEmXx0nty0n^vybw5zbwpzPvKzqvKzOuKz8uozMt3zntvyntYxntBxMtfx9ufxOufxqvBxPvXxbwtybw" /><g i="39" c="423" p="%^vx9fvx_vpz_vpz9f" /><g i="40" c="424" p="%^gDXqmE_vfG_vwC9foA9fyw_vpy_vwzXq^NzppFA8l#RAgk0Bgj#cBfimBghrBgh#ABdiLBdj#WBdk6C7l_Cpp" /><g i="41" c="425" p="#^EEGnFEhmHEolJEvkLEVj%1DVj%WCfl%TCflCCHk4CdkzBKjDAIjIzHjQylkZx_kpxomRwNnQw$pQwOrgx8tIxuuuyevhz_vnA_v8B_vLBCvmCevGCwu%KCwu%KCKvJCMx3CBypBrzfAqzxzpzYyfzny5z0yUy%zxoA2yFAKyPArz_AdA_AeB_A3CFAUCkAsDJzRDhz6EFynE1yvE1xEE1wEEtu^KCArKCRrIC7sHCpsCCHsiCLtPB5ulBruTAqu_zqunzktMyesKyVpLySnhzDmQznlTAllqBmlMBEl7CWlkClmxCMmDCanHConICCnKCQnKC4o" /><g i="42" c="426" p="#^vx_v%pz_v%pzFo%9AFooBEo0CnpFC6qWCRr9DotoDvuDDBvPD_v%MF_vAFBvkFxu5FttOEKrxE5q$DaptDeoyCZn%yCVnQDjnxEfmeFaleFzjfFziZEKhHEVg3EggpDEfsCmfwB3fgA4fyz4fQy9f7yefvxof^pzJgCzFgSzEg7ACgpACgYBFgDCvhjDkiiDOjgDklrCemDB8ndAan%pzan" /><g i="43" c="427" p="%^uz_voB_voBSgtESgtE9fpw9fpwSguzSg" /><g i="44" c="428" p="#^1I_v%QJ_v%SI9f%IG9f%PERmpEwo5ETpODerzDEs%uDEsdDdrUCSpzCuo8CRm%bA9f%5y9f%5x_v%Py_v%8zTodz3nhzmllzEjlz8i%pz8iGzCj0A9lnAImPAjo%MCUv%0EUv%3G$nsGxmNG2l7HzjpH8i%wH8isHBjwHklAH2nHHLo" /></glyphs></font><font id="50" name="Myriad Pro CondBold Charset1 6N9EKmhz1uj"><glyphs><g i="0" c="383" p="#^vx_v%pz_v%pz5pCz6pPz6p1A6pgA6pqB6puCEoyDaofEenKECm$ENlgFYkgFOjgFHiYEOhFEVg2EigoDFfqCmftB3fiA4fsz4fLyaf3yffvxof^pzMgCzJgTzHg9AEguAEgzBFgbC6hQCzh5DjimD2jmDWjkDIltCDmDBxnbAynYzynMzxnAzwnpzun" /><g i="1" c="384" p="#^uBbwSCcwXDkv1FruGFwsjGAqkGsnjGoj6FbhVDZeKBYewzZeay9hQwljOwynPwPr3y$tkzbwtBbw^BBvuwAsuUzqtgzos0zPqMydpNyynNyVl1zlkhzMiUzKhwAHgBBEgpCFgXChhtDUhMDVi4EVjcE7llEkmlEwnlEcp6EOqTDnsgDqtGCsuCBvu" /><g i="2" c="385" p="#^vx_v%pz_v%pzFo%9AFooBEo0CnpFC6qWCRr9DotoDvuDDBvPD_v%MF_vAFBvkFxu5FttOEKrxE5q$DaptDeoyCZn%yCVnQDjnxEfmeFaleFzjfFziZEKhHEVg3EggpDEfsCmfwB3fgA4fyz4fQy9f7yefvxof^pzJgCzFgSzEg7ACgpACgYBFgDCvhjDkiiDOjgDklrCemDB8ndAan%pzan" /><g i="3" c="386" p="%^uz_voB_voBSgtESgtE9fpw9fpwSguzSg" /><g i="4" c="387" p="%^gDXqmE_vfG_vwC9foA9fyw_vpy_vwzXq^NzppFA8l#RAgk0Bgj#cBfimBghrBgh#ABdiLBdj#WBdk6C7l_Cpp" /><g i="5" c="388" p="%^vx_vpz_vpzkoCDkoCDJmpzJmpzPgVDPgVD9fvx9f" /><g i="6" c="389" p="%^vx_v8E_v8Enupznupz9fvx9f" /><g i="7" c="390" p="%^vx9fvx_vpz_vpz9f" /><g i="8" c="391" p="%^EDnmpznmpzPgVDPgVD9fvx9fvx_vdE_vdEkupzkupz_nED_n" /><g i="9" c="392" p="#^Iwov4xHvSxWvFy8wyz8wUA8wYBAv1D$uEDXtgETsgEqrhE0qzDQoSCDnlBzmyA0m_zylrz3l9zvkTyWjSy5jSyvi7zZhozqhWz3htAIgiBHgYBIgtCTg_C1hiDgh%NDDftDpfQCcfcC$epB$enz1fayfgZwthYwqjZwvktxol_xhmIyYmrzDn7A5o7BQoKBEplCsqmCBrlCUsCBFtTAquyzsuUyrudyfuzx2u7xMt" /><g i="10" c="393" p="#^ux9f%uxnqvxttCyRuKzdwFBbwzDdwKEPuVFotXF8q%XF9f%1E9f%1Erq0EEsnDAtLCwuGBvuIAxu3ACtqzHsozrq%oz9f" /><g i="11" c="394" p="#^yE5ueEeuNDlulDruOCsuKBtuQAQtXzatnzGrQyaqPyBnRy1lrzwj1A$hWAlhPBGgLCHgoDIgLDPg7EVgqE2h%REqfBEff2E7fwD$eMC$eoBZe1AOfGyCgLxyiQwukOwOnPwFqxxwsfymuwzgvOA9wrC8weD8wRD0wtEVvTEIv" /><g i="12" c="395" p="#" /><g i="13" c="396" p="#^vxVvTx_vty1w4z4w0A4wtB5wCCKvLDmvtEzu1FXtlF6tFFgsFFerFFzpQEso0EknyCYm%yCTmODnmtEpl8Fqk8F7j8FdiSEuhBELg2EdgnDCfqClftB3fjA4fvz4fOyaf5yffvxof^pzHgAzEgRzCg6AzgrAzgZBBgCCnhfD8ieDljbDHklCvlwBimiAkm%pzkm^pzMn%gAMnaBNnXB9oJCxobDipFD3qGDdrEDRsMCItUByuoAzuLzzupzuu" /><g i="14" c="397" p="%^gDXqmE_vfG_vwC9foA9fyw_vpy_vwzXq^NzppFA8l#RAgk0Bgj#cBfimBghrBgh#ABdiLBdj#WBdk6C7l_Cpp^zCybdAeeKBeeQEyb" /></glyphs></font><font id="60" name="Arial Charset1 6ixSv38lfzU"><glyphs><g i="0" c="888" p="#^kxdnkxXley2l8z8kpA8kHB8kBC2lwDXlwDdnwDvoBCqpHBkqpAkq8zkqeyqpkxvokxdn" /><g i="1" c="889" p="#" /></glyphs></font><font id="70" name="Arial Black Charset1 5j9XMiyvNat"><glyphs><g i="0" c="384" p="%^2y6eBD6eBD$v2y$v" /><g i="1" c="385" p="%^Tx6e1D6eMJ_nMJ6e_O6e_O$vMJ$v4D9m4D$vTx$v" /><g i="2" c="386" p="%^Aw6eoN6eoNxiLHxiLH$vdC$vdCxiAwxi" /><g i="3" c="387" p="#^Vx$v%Vx6e%7H6eHJ6e1LyeoM_edNag3Omh3O3j3OzkqNElNMJmGLonYKPnJJ5oJKqoaLLotLZo2MIpDMqqQMPq%wP$v%gJ$v%iGwqKFspiF8pHEKoXDKo%sDKo%sD$v^sDml%NFmlaGmlfH6lPH$k9IykwI5kwIvjwIEiYHbipHJhUFJh%sDJh" /><g i="4" c="388" p="#^8x3n8xGiAzeg0COdnGOdRKOdgNcgHPBiHPVmHP2qDO3szN3uzLbvAJjwBGjwzDjwABlvBznumyis8xcq8x3n^GC4nGCOpGD_qGEaspGasbIasaJ0r9KRp9KRm9Kjk7J9j5I_hmG_hHE_hGDajGClkGC4n" /><g i="5" c="389" p="#^Vx6e%6G6eyI6e1KMexLqfvMFguNUhWNxjnO9lnO_mnOSpJNrr3N0tUL5uKK9vpJvvBH$v6G$v%Vx$v^rD9i%rDXr%NEXrwGXrfHyr_H9rpIcqQIfpQI5nQIfkUHcjZG9iPE9i" /><g i="6" c="390" p="#^uJ6e%$O6e%$OMo$OlqvOMr$NatXMeuTLhvKKIv7JjwSGjwyFjw$D7wtCXvqBpvoASuxzStGySslyOrRx4qRxMo%Rx6e%mD6e%mD0pmDuqaEjr_E8sqG8sRH8sFIkruJwquJ0p" /><g i="7" c="391" p="#^LJHo%BO8q5Oas2Nyt$LVurKCvUIjwuGjwzDjwIBtvSzCuwyusbxlqbx$mbxziyzbgVBOddGOdCJOdxLaftNxgqOmj%xJskgJDj_IfjxICiSHhibHXhmGXhuEXhuDrjKCzkKCZmKCXpDD2rxE9saG9sLH9szIgrnJnqLJHo" /><g i="8" c="392" p="#^8x3n8xGiAzeg0COdnGOdRKOdgNcgHPBiHPVmHP2qDO3szN3uzLbvAJjwBGjwzDjwABlvBznumyis8xcq8x3n^GC4nGCOpGD_qGEaspGasbIasaJ0r9KRp9KRm9Kjk7J9j5I_hmG_hHE_hGDajGClkGC4n^hGm9%yKm9%CG0d%eE0d" /><g i="9" c="393" p="%^QI2tyC2tGB$v1w$vKC6eOI6ewP$vJJ$v^GHapHFKiLDap" /><g i="10" c="394" p="#^Rx6e%bI6eNK6eaMofzNGgzNzizN8kzMhlVL1mEKtmzMXmtN3ooObpoOVqoOisKNpt5NwuZL9vgLzvSJLv$H$voH$v%Rx$v^qD7l%QF7l7H7lDHHk8Iek8Ioj8ICiDHai7HKhSFKh%qDKh^qD9s%eG9sFH9sfIFrRI8rRIhqRIupfI0pGHxodGxo%qDxo" /><g i="11" c="395" p="#^QGwp%QGOl%nPOl%nPqtVM5v0LIv8JjwyGjwmDjwlBdvlz7uey_r8xQp8x1n8x6klyYhyzNfTBFeIDOdNGOdLJOddLkeHMSeFN$fDO7h7PSi%OJPjsJOiGIgiUHKhFGKhREKhMD$iHCfkHC_mHCUpMD8rSEosQGosLHosBI7srJRrxKcr%xKwp" /><g i="12" c="396" p="%^Sx6exL6exLYhpDYhpD4llK4llKHopDHopD$vSx$v" /><g i="13" c="397" p="%^2y6eBD6eBD$v2y$v^KAm9$Em93B0dHy0d" /><g i="14" c="398" p="%^Px6eEM6eEMXhmDXhmDMkZLMkZLqomDqomDYrVMYrVM$vPx$v" /><g i="15" c="399" p="#^Sw4q%7CLphC1rPCIrGDOsfFOsrGOs4HesJHGrJHXqJHfq6HIpvG8phEFoEARn4zumxx7lxx1jxxEhkyqg7zbfJAvekCOd7FOdzIOdmK4faMlgwM7j%iHrj4HdipGGhLF7hAE7hCD7h7DxhECXhECwiECYi1DijrDEjUEYjwIKk4KxlFLkmnMwn5NIo5Naq5NUr8MltbLOutJzvMHjwaFjwBAjwQyyu4xNsSw4q" /><g i="16" c="400" p="#" /><g i="17" c="401" p="%^1w6eaC6eMF7koJ6evP6eyIvoyI$v$C$v$Cvo" /><g i="18" c="403" p="%^Mx6e2F6eQH_oCK6eUR6eUR$vmN$vmNliTJ$vMF$viCliiC$vMx$v" /><g i="19" c="404" p="%^Qx6emD6emDBr_LBr_L$vQx$v" /><g i="20" c="405" p="%^3w6eRB6eTF_qRJ6etP6ePI$vQC$v" /><g i="21" c="406" p="#^gF6e%PK6e%PKQnPKUqgKusJJ4u4IcvrGjwTDjw9BjwGzAvbyRunxrtzw0sqwYp%IBepIBpqUB_q5CzrzCWrTC9stD9soE9sQEtrgFMqgF8p" /><g i="22" c="407" p="%^Cw6eIC6eSFCjXI6eZO6eoJMmvP$vhJ$vLFfqdC$v2w$vdCGm" /></glyphs></font></bwFonts>